tab_$b.col_$f,tab_$a.col_name
1.51069316973826,text_1.51069316973826
100.4953276895162,text_100.4953276895162
101.4953276895162,text_101.4953276895162
102.4953276895162,text_102.4953276895162
103.4953276895162,text_103.4953276895162
104.4953276895162,text_104.4953276895162
105.4953276895162,text_105.4953276895162
106.4953276895162,text_106.4953276895162
107.4953276895162,text_107.4953276895162
